"Thread","Sentiment","Type","Year"
1,146,"vent",2009
2,-16,"vent",2009
3,30,"vent",2009
4,14,"vent",2009
5,16,"vent",2009
6,-2,"vent",2009
7,7,"vent",2009
8,2,"vent",2009
9,5,"vent",2009
10,37,"vent",2009
11,-25,"vent",2009
12,5,"vent",2009
13,-6,"vent",2009
14,71,"vent",2009
15,50,"vent",2009
16,7,"vent",2009
17,16,"vent",2009
18,-14,"vent",2009
19,7,"vent",2009
20,-22,"vent",2009
21,6,"vent",2009
22,-10,"vent",2009
23,69,"vent",2009
24,-14,"vent",2009
25,1,"vent",2009
26,1,"vent",2009
27,-37,"vent",2009
29,-37,"vent",2009
30,-8,"vent",2009
31,62,"vent",2009
32,6,"vent",2009
33,0,"vent",2009
34,-4,"vent",2009
35,19,"vent",2009
36,-14,"vent",2009
37,13,"vent",2009
38,-15,"vent",2009
39,70,"vent",2009
40,-5,"vent",2009
41,-3,"vent",2009
42,2,"vent",2009
43,60,"vent",2009
44,-13,"vent",2009
45,13,"vent",2009
46,4,"vent",2009
47,39,"vent",2009
48,-1,"vent",2009
49,-21,"vent",2009
50,7,"vent",2009
51,1,"vent",2009
52,-17,"vent",2009
53,-1,"vent",2009
54,40,"vent",2009
55,27,"vent",2009
56,2,"vent",2009
57,-18,"vent",2009
58,39,"vent",2009
59,54,"vent",2009
60,1,"vent",2009
61,17,"vent",2009
62,21,"vent",2009
63,6,"vent",2009
64,23,"vent",2009
65,-7,"vent",2009
66,10,"vent",2009
67,23,"vent",2009
68,27,"vent",2009
69,45,"vent",2009
70,-1,"vent",2009
71,-12,"vent",2009
1,2,"disc",2009
2,5,"disc",2009
3,24,"disc",2009
4,3,"disc",2009
5,-1,"disc",2009
6,4,"disc",2009
7,14,"disc",2009
8,-3,"disc",2009
9,26,"disc",2009
10,2,"disc",2009
12,1,"disc",2009
13,1,"disc",2009
14,50,"disc",2009
15,1,"disc",2009
16,29,"disc",2009
17,10,"disc",2009
18,-1,"disc",2009
19,6,"disc",2009
20,43,"disc",2009
21,1,"disc",2009
23,105,"disc",2009
25,1,"disc",2009
26,27,"disc",2009
27,3,"disc",2009
29,-6,"disc",2009
30,10,"disc",2009
31,3,"disc",2009
32,-3,"disc",2009
34,-3,"disc",2009
35,-14,"disc",2009
36,7,"disc",2009
37,8,"disc",2009
38,2,"disc",2009
39,-3,"disc",2009
40,-3,"disc",2009
41,3,"disc",2009
42,13,"disc",2009
43,8,"disc",2009
44,20,"disc",2009
45,1,"disc",2009
46,-1,"disc",2009
47,26,"disc",2009
48,26,"disc",2009
49,35,"disc",2009
50,0,"disc",2009
51,4,"disc",2009
52,29,"disc",2009
53,-2,"disc",2009
54,28,"disc",2009
55,33,"disc",2009
56,4,"disc",2009
57,-1,"disc",2009
60,97,"disc",2009
62,-4,"disc",2009
63,1,"disc",2009
64,0,"disc",2009
65,11,"disc",2009
66,1,"disc",2009
67,1,"disc",2009
68,13,"disc",2009
70,6,"disc",2009
71,2,"disc",2009
72,-1,"disc",2009
73,6,"disc",2009
74,53,"disc",2009
75,3,"disc",2009
76,27,"disc",2009
77,-3,"disc",2009
78,-2,"disc",2009
79,-5,"disc",2009
80,1,"disc",2009
81,3,"disc",2009
82,33,"disc",2009
83,10,"disc",2009
84,11,"disc",2009
85,13,"disc",2009
86,3,"disc",2009
87,-1,"disc",2009
88,-3,"disc",2009
89,-2,"disc",2009
90,1,"disc",2009
91,41,"disc",2009
92,2,"disc",2009
93,1,"disc",2009
95,10,"disc",2009
96,6,"disc",2009
97,2,"disc",2009
98,50,"disc",2009
99,24,"disc",2009
100,17,"disc",2009
101,6,"disc",2009
102,22,"disc",2009
104,6,"disc",2009
105,2,"disc",2009
107,83,"disc",2009
108,12,"disc",2009
109,8,"disc",2009
110,5,"disc",2009
111,19,"disc",2009
113,1,"disc",2009
114,15,"disc",2009
115,25,"disc",2009
116,2,"disc",2009
118,-3,"disc",2009
119,82,"disc",2009
122,2,"disc",2009
123,1,"disc",2009
127,2,"disc",2009
128,3,"disc",2009
129,0,"disc",2009
130,-3,"disc",2009
131,0,"disc",2009
132,2,"disc",2009
133,4,"disc",2009
134,4,"disc",2009
136,5,"disc",2009
137,3,"disc",2009
138,9,"disc",2009
139,8,"disc",2009
140,-6,"disc",2009
141,0,"disc",2009
142,8,"disc",2009
143,10,"disc",2009
144,0,"disc",2009
145,0,"disc",2009
146,7,"disc",2009
148,18,"disc",2009
149,8,"disc",2009
150,34,"disc",2009
151,5,"disc",2009
152,3,"disc",2009
153,-7,"disc",2009
154,36,"disc",2009
155,33,"disc",2009
156,2,"disc",2009
157,4,"disc",2009
158,-1,"disc",2009
159,28,"disc",2009
160,3,"disc",2009
161,-1,"disc",2009
163,3,"disc",2009
164,5,"disc",2009
165,4,"disc",2009
166,2,"disc",2009
167,32,"disc",2009
168,4,"disc",2009
169,-1,"disc",2009
170,-8,"disc",2009
171,0,"disc",2009
172,4,"disc",2009
173,1,"disc",2009
174,-1,"disc",2009
178,2,"disc",2009
179,0,"disc",2009
180,2,"disc",2009
181,15,"disc",2009
182,7,"disc",2009
184,23,"disc",2009
185,30,"disc",2009
186,47,"disc",2009
187,3,"disc",2009
188,-1,"disc",2009
189,8,"disc",2009
190,-5,"disc",2009
191,15,"disc",2009
192,6,"disc",2009
193,10,"disc",2009
194,-2,"disc",2009
196,16,"disc",2009
197,-3,"disc",2009
198,5,"disc",2009
199,1,"disc",2009
200,5,"disc",2009
201,-2,"disc",2009
202,2,"disc",2009
203,9,"disc",2009
204,7,"disc",2009
205,0,"disc",2009
206,14,"disc",2009
207,-7,"disc",2009
209,-7,"disc",2009
210,7,"disc",2009
211,4,"disc",2009
213,14,"disc",2009
214,2,"disc",2009
215,-5,"disc",2009
216,39,"disc",2009
217,2,"disc",2009
219,2,"disc",2009
220,2,"disc",2009
221,-1,"disc",2009
222,15,"disc",2009
223,0,"disc",2009
225,2,"disc",2009
226,0,"disc",2009
1,-30,"vent",2012
2,-4,"vent",2012
3,6,"vent",2012
4,1,"vent",2012
1,13,"disc",2012
2,-1,"disc",2012
3,1,"disc",2012
4,38,"disc",2012
5,16,"disc",2012
6,8,"disc",2012
7,23,"disc",2012
8,6,"disc",2012
1,-46,"vent",2013
2,33,"vent",2013
3,6,"vent",2013
4,73,"vent",2013
5,5,"vent",2013
6,-18,"vent",2013
7,-1,"vent",2013
8,-4,"vent",2013
9,54,"vent",2013
10,7,"vent",2013
11,60,"vent",2013
12,11,"vent",2013
13,-10,"vent",2013
14,19,"vent",2013
15,37,"vent",2013
16,47,"vent",2013
17,-29,"vent",2013
18,-2,"vent",2013
19,1,"vent",2013
20,8,"vent",2013
21,-1,"vent",2013
22,1,"vent",2013
23,11,"vent",2013
1,21,"disc",2013
2,14,"disc",2013
3,10,"disc",2013
4,43,"disc",2013
5,1,"disc",2013
6,1,"disc",2013
7,-3,"disc",2013
8,3,"disc",2013
9,-3,"disc",2013
10,23,"disc",2013
11,8,"disc",2013
12,4,"disc",2013
13,5,"disc",2013
14,-7,"disc",2013
15,3,"disc",2013
16,50,"disc",2013
17,-4,"disc",2013
18,-4,"disc",2013
19,3,"disc",2013
20,7,"disc",2013
21,2,"disc",2013
22,3,"disc",2013
23,-2,"disc",2013
24,-2,"disc",2013
25,28,"disc",2013
26,17,"disc",2013
27,7,"disc",2013
28,-3,"disc",2013
29,9,"disc",2013
30,38,"disc",2013
31,25,"disc",2013
32,4,"disc",2013
33,-3,"disc",2013
34,-2,"disc",2013
35,19,"disc",2013
36,23,"disc",2013
37,51,"disc",2013
38,6,"disc",2013
39,6,"disc",2013
40,18,"disc",2013
41,44,"disc",2013
42,19,"disc",2013
44,58,"disc",2013
45,-3,"disc",2013
46,17,"disc",2013
47,10,"disc",2013
48,1,"disc",2013
49,-7,"disc",2013
50,67,"disc",2013
51,12,"disc",2013
52,13,"disc",2013
53,19,"disc",2013
54,20,"disc",2013
55,5,"disc",2013
56,29,"disc",2013
57,-42,"disc",2013
58,20,"disc",2013
59,2,"disc",2013
60,9,"disc",2013
61,3,"disc",2013
62,14,"disc",2013
63,15,"disc",2013
64,20,"disc",2013
65,0,"disc",2013
66,22,"disc",2013
67,61,"disc",2013
68,23,"disc",2013
69,1,"disc",2013
70,12,"disc",2013
71,2,"disc",2013
72,5,"disc",2013
73,10,"disc",2013
74,2,"disc",2013
75,69,"disc",2013
76,4,"disc",2013
77,27,"disc",2013
1,2,"vent",2014
2,-2,"vent",2014
3,-2,"vent",2014
4,35,"vent",2014
5,12,"vent",2014
6,17,"vent",2014
7,-16,"vent",2014
8,13,"vent",2014
9,-19,"vent",2014
10,4,"vent",2014
11,-4,"vent",2014
12,3,"vent",2014
13,-22,"vent",2014
14,72,"vent",2014
15,8,"vent",2014
16,14,"vent",2014
17,3,"vent",2014
18,10,"vent",2014
19,4,"vent",2014
20,-7,"vent",2014
21,20,"vent",2014
22,-1,"vent",2014
23,10,"vent",2014
25,-1,"vent",2014
26,-28,"vent",2014
27,10,"vent",2014
28,2,"vent",2014
29,-9,"vent",2014
30,27,"vent",2014
31,49,"vent",2014
32,31,"vent",2014
33,64,"vent",2014
34,15,"vent",2014
35,-13,"vent",2014
36,0,"vent",2014
37,0,"vent",2014
38,-11,"vent",2014
39,-1,"vent",2014
40,4,"vent",2014
41,6,"vent",2014
42,7,"vent",2014
43,5,"vent",2014
44,-1,"vent",2014
45,2,"vent",2014
46,11,"vent",2014
47,-4,"vent",2014
48,3,"vent",2014
50,-5,"vent",2014
51,-2,"vent",2014
52,4,"vent",2014
53,-39,"vent",2014
54,1,"vent",2014
55,-5,"vent",2014
56,8,"vent",2014
57,1,"vent",2014
58,28,"vent",2014
59,-10,"vent",2014
60,1,"vent",2014
62,-3,"vent",2014
1,-2,"disc",2014
2,123,"disc",2014
3,4,"disc",2014
4,7,"disc",2014
5,13,"disc",2014
6,120,"disc",2014
7,-3,"disc",2014
8,32,"disc",2014
9,10,"disc",2014
10,5,"disc",2014
11,-1,"disc",2014
12,1,"disc",2014
13,4,"disc",2014
14,27,"disc",2014
15,7,"disc",2014
16,7,"disc",2014
17,94,"disc",2014
18,48,"disc",2014
19,9,"disc",2014
20,13,"disc",2014
21,14,"disc",2014
22,5,"disc",2014
23,52,"disc",2014
24,29,"disc",2014
25,-8,"disc",2014
26,21,"disc",2014
27,22,"disc",2014
28,14,"disc",2014
29,19,"disc",2014
30,32,"disc",2014
31,1,"disc",2014
32,61,"disc",2014
33,26,"disc",2014
34,12,"disc",2014
35,5,"disc",2014
36,100,"disc",2014
37,-2,"disc",2014
38,16,"disc",2014
39,-3,"disc",2014
40,-1,"disc",2014
41,2,"disc",2014
42,-2,"disc",2014
43,151,"disc",2014
44,6,"disc",2014
45,15,"disc",2014
46,21,"disc",2014
47,11,"disc",2014
48,-11,"disc",2014
49,31,"disc",2014
50,1,"disc",2014
51,68,"disc",2014
52,11,"disc",2014
53,29,"disc",2014
54,-1,"disc",2014
55,48,"disc",2014
56,34,"disc",2014
57,-2,"disc",2014
58,-1,"disc",2014
59,4,"disc",2014
60,8,"disc",2014
62,20,"disc",2014
63,16,"disc",2014
64,13,"disc",2014
65,15,"disc",2014
66,15,"disc",2014
67,7,"disc",2014
68,-2,"disc",2014
69,45,"disc",2014
70,-18,"disc",2014
72,8,"disc",2014
73,34,"disc",2014
75,67,"disc",2014
76,-2,"disc",2014
77,22,"disc",2014
78,17,"disc",2014
79,22,"disc",2014
82,39,"disc",2014
83,51,"disc",2014
84,27,"disc",2014
85,2,"disc",2014
86,9,"disc",2014
87,13,"disc",2014
88,7,"disc",2014
89,1,"disc",2014
90,1,"disc",2014
91,3,"disc",2014
92,4,"disc",2014
93,9,"disc",2014
94,1,"disc",2014
95,0,"disc",2014
96,-4,"disc",2014
97,12,"disc",2014
99,2,"disc",2014
100,16,"disc",2014
103,17,"disc",2014
104,45,"disc",2014
105,10,"disc",2014
106,-2,"disc",2014
107,6,"disc",2014
108,20,"disc",2014
109,2,"disc",2014
110,17,"disc",2014
1,1,"vent",2015
2,0,"vent",2015
3,4,"vent",2015
4,13,"vent",2015
5,9,"vent",2015
6,18,"vent",2015
7,-2,"vent",2015
8,5,"vent",2015
9,5,"vent",2015
10,39,"vent",2015
11,-5,"vent",2015
12,-8,"vent",2015
13,4,"vent",2015
14,-6,"vent",2015
16,1,"vent",2015
17,4,"vent",2015
18,2,"vent",2015
19,2,"vent",2015
20,3,"vent",2015
21,-3,"vent",2015
22,3,"vent",2015
23,-2,"vent",2015
24,2,"vent",2015
26,3,"vent",2015
27,-2,"vent",2015
29,-9,"vent",2015
31,3,"vent",2015
32,12,"vent",2015
33,6,"vent",2015
34,1,"vent",2015
36,-2,"vent",2015
37,5,"vent",2015
38,-1,"vent",2015
39,2,"vent",2015
41,14,"vent",2015
43,1,"vent",2015
47,5,"vent",2015
48,6,"vent",2015
50,-3,"vent",2015
51,-3,"vent",2015
55,3,"vent",2015
56,16,"vent",2015
57,-1,"vent",2015
58,6,"vent",2015
59,4,"vent",2015
60,2,"vent",2015
63,-6,"vent",2015
64,0,"vent",2015
65,10,"vent",2015
66,10,"vent",2015
67,2,"vent",2015
68,2,"vent",2015
69,0,"vent",2015
70,-3,"vent",2015
71,-2,"vent",2015
72,71,"vent",2015
73,4,"vent",2015
74,24,"vent",2015
75,6,"vent",2015
76,-5,"vent",2015
78,-4,"vent",2015
81,-2,"vent",2015
82,-15,"vent",2015
83,3,"vent",2015
84,4,"vent",2015
85,4,"vent",2015
86,4,"vent",2015
87,4,"vent",2015
88,1,"vent",2015
89,11,"vent",2015
90,-9,"vent",2015
91,1,"vent",2015
92,9,"vent",2015
93,-1,"vent",2015
94,7,"vent",2015
95,-2,"vent",2015
1,0,"disc",2015
3,-3,"disc",2015
4,32,"disc",2015
5,51,"disc",2015
6,8,"disc",2015
7,3,"disc",2015
8,7,"disc",2015
9,-12,"disc",2015
10,-3,"disc",2015
11,20,"disc",2015
12,-4,"disc",2015
13,33,"disc",2015
14,3,"disc",2015
15,3,"disc",2015
16,2,"disc",2015
17,7,"disc",2015
18,3,"disc",2015
19,-7,"disc",2015
20,14,"disc",2015
21,20,"disc",2015
22,5,"disc",2015
23,21,"disc",2015
24,-2,"disc",2015
25,11,"disc",2015
26,9,"disc",2015
27,56,"disc",2015
28,2,"disc",2015
29,-4,"disc",2015
30,19,"disc",2015
31,15,"disc",2015
32,4,"disc",2015
33,6,"disc",2015
34,2,"disc",2015
35,-4,"disc",2015
36,9,"disc",2015
37,10,"disc",2015
38,6,"disc",2015
39,4,"disc",2015
40,-6,"disc",2015
41,8,"disc",2015
42,13,"disc",2015
43,4,"disc",2015
44,0,"disc",2015
45,3,"disc",2015
47,18,"disc",2015
48,3,"disc",2015
49,14,"disc",2015
51,4,"disc",2015
1,5,"vent",2016
2,-4,"vent",2016
3,22,"vent",2016
4,4,"vent",2016
5,3,"vent",2016
6,-6,"vent",2016
7,39,"vent",2016
8,4,"vent",2016
9,-2,"vent",2016
10,17,"vent",2016
11,39,"vent",2016
12,48,"vent",2016
13,10,"vent",2016
14,20,"vent",2016
15,42,"vent",2016
16,0,"vent",2016
17,-17,"vent",2016
18,0,"vent",2016
19,59,"vent",2016
20,-2,"vent",2016
21,4,"vent",2016
22,2,"vent",2016
23,-2,"vent",2016
24,33,"vent",2016
25,21,"vent",2016
26,12,"vent",2016
27,-5,"vent",2016
28,0,"vent",2016
29,7,"vent",2016
30,2,"vent",2016
31,-11,"vent",2016
32,-7,"vent",2016
33,0,"vent",2016
34,-8,"vent",2016
35,7,"vent",2016
36,5,"vent",2016
37,16,"vent",2016
38,-21,"vent",2016
39,28,"vent",2016
40,-27,"vent",2016
41,14,"vent",2016
42,-1,"vent",2016
43,0,"vent",2016
44,-20,"vent",2016
45,2,"vent",2016
46,-4,"vent",2016
47,3,"vent",2016
48,-4,"vent",2016
49,-9,"vent",2016
50,5,"vent",2016
51,13,"vent",2016
52,2,"vent",2016
53,23,"vent",2016
54,9,"vent",2016
55,-4,"vent",2016
56,4,"vent",2016
57,3,"vent",2016
59,5,"vent",2016
60,2,"vent",2016
61,0,"vent",2016
62,4,"vent",2016
63,1,"vent",2016
1,7,"disc",2016
2,22,"disc",2016
3,0,"disc",2016
4,31,"disc",2016
5,48,"disc",2016
6,2,"disc",2016
7,9,"disc",2016
8,20,"disc",2016
9,28,"disc",2016
10,-10,"disc",2016
11,0,"disc",2016
12,29,"disc",2016
13,-2,"disc",2016
14,14,"disc",2016
15,27,"disc",2016
16,16,"disc",2016
18,11,"disc",2016
19,10,"disc",2016
20,1,"disc",2016
21,30,"disc",2016
22,13,"disc",2016
23,5,"disc",2016
24,4,"disc",2016
25,40,"disc",2016
26,21,"disc",2016
27,-8,"disc",2016
28,13,"disc",2016
29,52,"disc",2016
30,18,"disc",2016
31,38,"disc",2016
32,13,"disc",2016
33,8,"disc",2016
34,6,"disc",2016
35,28,"disc",2016
36,10,"disc",2016
37,-3,"disc",2016
39,23,"disc",2016
40,5,"disc",2016
41,6,"disc",2016
42,23,"disc",2016
43,11,"disc",2016
44,29,"disc",2016
45,-2,"disc",2016
46,3,"disc",2016
47,0,"disc",2016
48,3,"disc",2016
49,30,"disc",2016
50,9,"disc",2016
51,2,"disc",2016
52,8,"disc",2016
53,47,"disc",2016
54,0,"disc",2016
55,1,"disc",2016
56,5,"disc",2016
57,1,"disc",2016
58,14,"disc",2016
59,26,"disc",2016
60,0,"disc",2016
61,34,"disc",2016
62,95,"disc",2016
63,14,"disc",2016
64,28,"disc",2016
65,21,"disc",2016
66,19,"disc",2016
67,-1,"disc",2016
68,-6,"disc",2016
69,48,"disc",2016
70,6,"disc",2016
71,-2,"disc",2016
72,-3,"disc",2016
73,18,"disc",2016
74,3,"disc",2016
75,8,"disc",2016
76,6,"disc",2016
77,9,"disc",2016
78,2,"disc",2016
79,10,"disc",2016
80,15,"disc",2016
81,60,"disc",2016
82,9,"disc",2016
83,41,"disc",2016
84,3,"disc",2016
86,13,"disc",2016
87,19,"disc",2016
88,-2,"disc",2016
89,7,"disc",2016
90,-5,"disc",2016
91,0,"disc",2016
92,11,"disc",2016
93,14,"disc",2016
94,33,"disc",2016
95,5,"disc",2016
96,-1,"disc",2016
97,7,"disc",2016
98,44,"disc",2016
99,0,"disc",2016
100,7,"disc",2016
101,31,"disc",2016
102,5,"disc",2016
103,1,"disc",2016
104,17,"disc",2016
105,12,"disc",2016
106,-1,"disc",2016
107,6,"disc",2016
108,15,"disc",2016
109,5,"disc",2016
110,1,"disc",2016
111,8,"disc",2016
112,1,"disc",2016
113,4,"disc",2016
114,0,"disc",2016
115,2,"disc",2016
116,1,"disc",2016
117,-1,"disc",2016
119,-1,"disc",2016
120,3,"disc",2016
121,3,"disc",2016
122,8,"disc",2016
123,3,"disc",2016
124,20,"disc",2016
125,6,"disc",2016
2,-8,"vent",2017
3,35,"vent",2017
4,47,"vent",2017
5,-85,"vent",2017
6,24,"vent",2017
7,61,"vent",2017
8,30,"vent",2017
9,16,"vent",2017
10,8,"vent",2017
11,5,"vent",2017
12,12,"vent",2017
13,1,"vent",2017
14,-12,"vent",2017
15,3,"vent",2017
16,-2,"vent",2017
17,0,"vent",2017
18,15,"vent",2017
19,-9,"vent",2017
20,22,"vent",2017
21,33,"vent",2017
22,7,"vent",2017
23,9,"vent",2017
24,7,"vent",2017
25,1,"vent",2017
26,40,"vent",2017
27,-1,"vent",2017
28,7,"vent",2017
29,131,"vent",2017
30,31,"vent",2017
31,0,"vent",2017
32,-16,"vent",2017
33,23,"vent",2017
34,5,"vent",2017
35,-5,"vent",2017
36,18,"vent",2017
37,6,"vent",2017
38,-20,"vent",2017
39,2,"vent",2017
40,12,"vent",2017
41,10,"vent",2017
42,4,"vent",2017
43,0,"vent",2017
44,6,"vent",2017
45,-3,"vent",2017
46,-4,"vent",2017
47,4,"vent",2017
48,12,"vent",2017
49,7,"vent",2017
50,47,"vent",2017
51,16,"vent",2017
52,-5,"vent",2017
53,-3,"vent",2017
54,80,"vent",2017
55,8,"vent",2017
56,-6,"vent",2017
57,-6,"vent",2017
59,17,"vent",2017
61,5,"vent",2017
62,1,"vent",2017
63,3,"vent",2017
64,14,"vent",2017
65,4,"vent",2017
66,0,"vent",2017
67,59,"vent",2017
68,-3,"vent",2017
69,5,"vent",2017
70,43,"vent",2017
71,8,"vent",2017
72,4,"vent",2017
73,46,"vent",2017
74,6,"vent",2017
75,4,"vent",2017
76,9,"vent",2017
77,3,"vent",2017
78,5,"vent",2017
79,1,"vent",2017
80,14,"vent",2017
81,-10,"vent",2017
82,9,"vent",2017
83,-16,"vent",2017
84,3,"vent",2017
85,1,"vent",2017
86,2,"vent",2017
87,11,"vent",2017
88,6,"vent",2017
89,5,"vent",2017
90,44,"vent",2017
91,10,"vent",2017
92,2,"vent",2017
93,-3,"vent",2017
94,-5,"vent",2017
95,11,"vent",2017
96,2,"vent",2017
97,45,"vent",2017
98,17,"vent",2017
99,3,"vent",2017
100,4,"vent",2017
101,8,"vent",2017
102,50,"vent",2017
103,-9,"vent",2017
104,22,"vent",2017
105,36,"vent",2017
106,1,"vent",2017
107,18,"vent",2017
108,7,"vent",2017
109,21,"vent",2017
110,53,"vent",2017
111,5,"vent",2017
112,1,"vent",2017
113,0,"vent",2017
1,8,"disc",2017
2,5,"disc",2017
3,2,"disc",2017
4,13,"disc",2017
5,1,"disc",2017
7,12,"disc",2017
8,16,"disc",2017
9,0,"disc",2017
10,31,"disc",2017
11,20,"disc",2017
12,-25,"disc",2017
13,14,"disc",2017
14,3,"disc",2017
15,7,"disc",2017
16,6,"disc",2017
17,6,"disc",2017
18,8,"disc",2017
19,2,"disc",2017
20,6,"disc",2017
21,16,"disc",2017
22,22,"disc",2017
23,67,"disc",2017
24,2,"disc",2017
25,20,"disc",2017
26,22,"disc",2017
27,8,"disc",2017
28,20,"disc",2017
29,44,"disc",2017
30,15,"disc",2017
31,40,"disc",2017
32,5,"disc",2017
33,33,"disc",2017
34,-18,"disc",2017
35,-9,"disc",2017
36,43,"disc",2017
37,19,"disc",2017
38,4,"disc",2017
39,16,"disc",2017
40,7,"disc",2017
41,9,"disc",2017
42,-3,"disc",2017
43,38,"disc",2017
45,26,"disc",2017
46,12,"disc",2017
47,19,"disc",2017
48,2,"disc",2017
49,29,"disc",2017
50,28,"disc",2017
51,9,"disc",2017
52,-9,"disc",2017
53,7,"disc",2017
54,9,"disc",2017
55,36,"disc",2017
56,3,"disc",2017
57,9,"disc",2017
58,32,"disc",2017
59,49,"disc",2017
60,16,"disc",2017
61,15,"disc",2017
62,12,"disc",2017
64,15,"disc",2017
65,14,"disc",2017
66,9,"disc",2017
67,1,"disc",2017
68,18,"disc",2017
69,8,"disc",2017
70,20,"disc",2017
71,4,"disc",2017
72,22,"disc",2017
73,22,"disc",2017
74,34,"disc",2017
75,16,"disc",2017
76,-2,"disc",2017
77,11,"disc",2017
78,27,"disc",2017
79,43,"disc",2017
80,18,"disc",2017
81,2,"disc",2017
82,32,"disc",2017
83,46,"disc",2017
84,6,"disc",2017
85,71,"disc",2017
86,73,"disc",2017
87,26,"disc",2017
88,20,"disc",2017
89,6,"disc",2017
90,19,"disc",2017
91,7,"disc",2017
92,11,"disc",2017
94,1,"disc",2017
95,41,"disc",2017
96,-2,"disc",2017
97,35,"disc",2017
98,4,"disc",2017
99,14,"disc",2017
100,67,"disc",2017
101,45,"disc",2017
102,45,"disc",2017
103,1,"disc",2017
104,-4,"disc",2017
105,29,"disc",2017
106,14,"disc",2017
107,3,"disc",2017
108,11,"disc",2017
109,12,"disc",2017
110,31,"disc",2017
111,4,"disc",2017
112,21,"disc",2017
113,17,"disc",2017
114,3,"disc",2017
115,0,"disc",2017
116,9,"disc",2017
117,11,"disc",2017
119,12,"disc",2017
122,38,"disc",2017
123,52,"disc",2017
124,84,"disc",2017
125,47,"disc",2017
126,15,"disc",2017
127,0,"disc",2017
128,47,"disc",2017
129,5,"disc",2017
130,15,"disc",2017
131,8,"disc",2017
132,41,"disc",2017
133,25,"disc",2017
134,3,"disc",2017
135,6,"disc",2017
137,-2,"disc",2017
138,-4,"disc",2017
139,20,"disc",2017
140,149,"disc",2017
141,17,"disc",2017
142,24,"disc",2017
143,-1,"disc",2017
144,-6,"disc",2017
145,2,"disc",2017
146,3,"disc",2017
147,23,"disc",2017
148,7,"disc",2017
149,-14,"disc",2017
150,16,"disc",2017
151,2,"disc",2017
152,19,"disc",2017
153,1,"disc",2017
154,25,"disc",2017
155,-3,"disc",2017
156,39,"disc",2017
157,4,"disc",2017
158,10,"disc",2017
159,60,"disc",2017
160,22,"disc",2017
161,4,"disc",2017
162,14,"disc",2017
163,35,"disc",2017
165,21,"disc",2017
166,32,"disc",2017
167,14,"disc",2017
168,39,"disc",2017
169,8,"disc",2017
170,2,"disc",2017
171,9,"disc",2017
173,9,"disc",2017
174,25,"disc",2017
175,47,"disc",2017
176,21,"disc",2017
177,25,"disc",2017
179,15,"disc",2017
180,7,"disc",2017
181,15,"disc",2017
182,20,"disc",2017
183,7,"disc",2017
184,6,"disc",2017
185,10,"disc",2017
187,6,"disc",2017
188,2,"disc",2017
189,3,"disc",2017
1,15,"vent",2018
3,0,"vent",2018
4,-2,"vent",2018
5,-1,"vent",2018
6,15,"vent",2018
7,16,"vent",2018
8,7,"vent",2018
9,-3,"vent",2018
10,-6,"vent",2018
11,-10,"vent",2018
12,12,"vent",2018
13,1,"vent",2018
14,7,"vent",2018
15,-10,"vent",2018
16,29,"vent",2018
17,132,"vent",2018
18,-2,"vent",2018
19,12,"vent",2018
20,13,"vent",2018
21,14,"vent",2018
22,-5,"vent",2018
23,20,"vent",2018
24,27,"vent",2018
25,6,"vent",2018
26,8,"vent",2018
27,13,"vent",2018
28,27,"vent",2018
29,-4,"vent",2018
30,-10,"vent",2018
31,47,"vent",2018
32,25,"vent",2018
33,-5,"vent",2018
34,63,"vent",2018
35,25,"vent",2018
36,6,"vent",2018
37,19,"vent",2018
38,14,"vent",2018
39,-5,"vent",2018
40,8,"vent",2018
41,70,"vent",2018
42,10,"vent",2018
43,-5,"vent",2018
44,4,"vent",2018
45,2,"vent",2018
46,-8,"vent",2018
47,-2,"vent",2018
48,37,"vent",2018
50,10,"vent",2018
51,-14,"vent",2018
52,-2,"vent",2018
53,-2,"vent",2018
54,3,"vent",2018
55,-14,"vent",2018
56,3,"vent",2018
57,42,"vent",2018
58,-2,"vent",2018
59,13,"vent",2018
60,6,"vent",2018
61,8,"vent",2018
62,-1,"vent",2018
63,63,"vent",2018
64,-4,"vent",2018
65,10,"vent",2018
66,49,"vent",2018
67,-4,"vent",2018
68,0,"vent",2018
1,42,"disc",2018
2,22,"disc",2018
3,-8,"disc",2018
4,13,"disc",2018
5,-9,"disc",2018
6,15,"disc",2018
7,2,"disc",2018
8,65,"disc",2018
10,5,"disc",2018
12,5,"disc",2018
13,5,"disc",2018
14,9,"disc",2018
15,0,"disc",2018
16,14,"disc",2018
17,16,"disc",2018
18,14,"disc",2018
19,76,"disc",2018
20,18,"disc",2018
21,10,"disc",2018
22,3,"disc",2018
23,40,"disc",2018
24,22,"disc",2018
25,15,"disc",2018
26,3,"disc",2018
27,-4,"disc",2018
28,4,"disc",2018
29,5,"disc",2018
30,3,"disc",2018
31,21,"disc",2018
32,21,"disc",2018
33,51,"disc",2018
34,47,"disc",2018
36,-3,"disc",2018
37,6,"disc",2018
38,7,"disc",2018
40,84,"disc",2018
43,-8,"disc",2018
44,9,"disc",2018
45,5,"disc",2018
46,23,"disc",2018
47,16,"disc",2018
49,5,"disc",2018
50,113,"disc",2018
53,26,"disc",2018
54,-4,"disc",2018
55,10,"disc",2018
56,4,"disc",2018
57,33,"disc",2018
58,10,"disc",2018
59,5,"disc",2018
60,1,"disc",2018
61,-1,"disc",2018
62,5,"disc",2018
63,14,"disc",2018
64,1,"disc",2018
65,25,"disc",2018
66,0,"disc",2018
67,48,"disc",2018
68,15,"disc",2018
69,14,"disc",2018
70,57,"disc",2018
71,24,"disc",2018
72,-11,"disc",2018
73,35,"disc",2018
74,0,"disc",2018
75,19,"disc",2018
76,24,"disc",2018
77,11,"disc",2018
78,-3,"disc",2018
79,5,"disc",2018
80,9,"disc",2018
81,10,"disc",2018
82,9,"disc",2018
83,1,"disc",2018
84,-2,"disc",2018
85,22,"disc",2018
86,22,"disc",2018
87,8,"disc",2018
88,10,"disc",2018
89,7,"disc",2018
90,16,"disc",2018
91,27,"disc",2018
92,4,"disc",2018
93,4,"disc",2018
94,37,"disc",2018
95,19,"disc",2018
96,13,"disc",2018
97,23,"disc",2018
98,74,"disc",2018
99,17,"disc",2018
100,0,"disc",2018
102,6,"disc",2018
103,28,"disc",2018
104,4,"disc",2018
105,3,"disc",2018
106,13,"disc",2018
107,23,"disc",2018
108,3,"disc",2018
109,21,"disc",2018
110,5,"disc",2018
111,29,"disc",2018
112,34,"disc",2018
113,38,"disc",2018
114,19,"disc",2018
115,4,"disc",2018
116,5,"disc",2018
117,1,"disc",2018
118,54,"disc",2018
119,12,"disc",2018
120,5,"disc",2018
121,7,"disc",2018
122,14,"disc",2018
123,24,"disc",2018
124,42,"disc",2018
125,-1,"disc",2018
126,31,"disc",2018
127,39,"disc",2018
128,17,"disc",2018
129,11,"disc",2018
130,9,"disc",2018
131,14,"disc",2018
132,9,"disc",2018
133,0,"disc",2018
134,42,"disc",2018
135,42,"disc",2018
136,-3,"disc",2018
137,19,"disc",2018
138,36,"disc",2018
139,43,"disc",2018
140,17,"disc",2018
141,13,"disc",2018
142,37,"disc",2018
143,20,"disc",2018
144,3,"disc",2018
145,10,"disc",2018
146,27,"disc",2018
147,12,"disc",2018
148,4,"disc",2018
150,6,"disc",2018
151,43,"disc",2018
152,10,"disc",2018
153,23,"disc",2018
154,50,"disc",2018
155,11,"disc",2018
156,12,"disc",2018
157,6,"disc",2018
158,111,"disc",2018
159,37,"disc",2018
160,3,"disc",2018
161,2,"disc",2018
162,137,"disc",2018
163,36,"disc",2018
164,-1,"disc",2018
165,15,"disc",2018
166,19,"disc",2018
167,29,"disc",2018
168,61,"disc",2018
169,-1,"disc",2018
170,13,"disc",2018
171,33,"disc",2018
172,19,"disc",2018
173,33,"disc",2018
174,24,"disc",2018
175,-2,"disc",2018
176,-1,"disc",2018
177,29,"disc",2018
178,20,"disc",2018
179,17,"disc",2018
180,-5,"disc",2018
181,16,"disc",2018
182,30,"disc",2018
183,25,"disc",2018
184,10,"disc",2018
185,18,"disc",2018
186,23,"disc",2018
187,40,"disc",2018
188,21,"disc",2018
189,23,"disc",2018
190,1,"disc",2018
191,15,"disc",2018
192,18,"disc",2018
193,4,"disc",2018
194,26,"disc",2018
195,29,"disc",2018
196,28,"disc",2018
197,11,"disc",2018
198,13,"disc",2018
199,11,"disc",2018
200,94,"disc",2018
201,14,"disc",2018
202,-1,"disc",2018
203,2,"disc",2018
204,94,"disc",2018
205,38,"disc",2018
206,34,"disc",2018
207,4,"disc",2018
208,38,"disc",2018
209,3,"disc",2018
210,3,"disc",2018
211,51,"disc",2018
212,15,"disc",2018
213,21,"disc",2018
214,34,"disc",2018
216,20,"disc",2018
217,20,"disc",2018
218,11,"disc",2018
1,-4,"vent",2019
2,68,"vent",2019
3,20,"vent",2019
4,8,"vent",2019
5,21,"vent",2019
6,9,"vent",2019
7,38,"vent",2019
8,37,"vent",2019
9,-6,"vent",2019
10,-4,"vent",2019
11,-1,"vent",2019
12,22,"vent",2019
13,28,"vent",2019
14,2,"vent",2019
15,-5,"vent",2019
16,34,"vent",2019
17,23,"vent",2019
18,7,"vent",2019
19,9,"vent",2019
20,57,"vent",2019
21,-2,"vent",2019
22,19,"vent",2019
23,45,"vent",2019
24,24,"vent",2019
25,17,"vent",2019
26,32,"vent",2019
27,99,"vent",2019
28,30,"vent",2019
29,13,"vent",2019
30,19,"vent",2019
31,12,"vent",2019
32,35,"vent",2019
33,8,"vent",2019
34,6,"vent",2019
35,-1,"vent",2019
36,5,"vent",2019
37,45,"vent",2019
38,4,"vent",2019
39,37,"vent",2019
40,21,"vent",2019
41,1,"vent",2019
42,10,"vent",2019
43,28,"vent",2019
44,2,"vent",2019
45,5,"vent",2019
46,4,"vent",2019
47,1,"vent",2019
48,43,"vent",2019
49,3,"vent",2019
50,44,"vent",2019
51,4,"vent",2019
52,3,"vent",2019
53,-5,"vent",2019
54,2,"vent",2019
55,-7,"vent",2019
56,2,"vent",2019
57,10,"vent",2019
58,-2,"vent",2019
1,2,"disc",2019
2,5,"disc",2019
3,-5,"disc",2019
4,12,"disc",2019
5,7,"disc",2019
6,-8,"disc",2019
7,0,"disc",2019
8,10,"disc",2019
9,-3,"disc",2019
10,1,"disc",2019
11,1,"disc",2019
13,4,"disc",2019
14,1,"disc",2019
15,18,"disc",2019
16,-2,"disc",2019
17,0,"disc",2019
18,2,"disc",2019
19,13,"disc",2019
20,6,"disc",2019
21,-1,"disc",2019
23,-1,"disc",2019
24,17,"disc",2019
25,17,"disc",2019
26,13,"disc",2019
27,39,"disc",2019
28,41,"disc",2019
29,8,"disc",2019
30,13,"disc",2019
31,38,"disc",2019
32,41,"disc",2019
33,43,"disc",2019
34,37,"disc",2019
35,4,"disc",2019
36,2,"disc",2019
37,33,"disc",2019
38,6,"disc",2019
39,10,"disc",2019
40,7,"disc",2019
41,3,"disc",2019
42,-1,"disc",2019
43,18,"disc",2019
44,21,"disc",2019
45,4,"disc",2019
46,85,"disc",2019
47,4,"disc",2019
48,3,"disc",2019
49,-2,"disc",2019
50,14,"disc",2019
51,16,"disc",2019
52,56,"disc",2019
53,17,"disc",2019
54,75,"disc",2019
55,5,"disc",2019
56,-1,"disc",2019
57,2,"disc",2019
58,4,"disc",2019
59,10,"disc",2019
60,28,"disc",2019
61,23,"disc",2019
62,10,"disc",2019
63,42,"disc",2019
64,31,"disc",2019
65,24,"disc",2019
66,0,"disc",2019
67,28,"disc",2019
68,2,"disc",2019
69,6,"disc",2019
70,4,"disc",2019
72,1,"disc",2019
73,2,"disc",2019
74,16,"disc",2019
75,-3,"disc",2019
76,9,"disc",2019
77,15,"disc",2019
78,32,"disc",2019
79,28,"disc",2019
80,35,"disc",2019
81,1,"disc",2019
82,5,"disc",2019
83,50,"disc",2019
84,21,"disc",2019
85,24,"disc",2019
86,48,"disc",2019
87,9,"disc",2019
88,15,"disc",2019
89,6,"disc",2019
90,9,"disc",2019
91,66,"disc",2019
92,-1,"disc",2019
93,-4,"disc",2019
94,-6,"disc",2019
95,6,"disc",2019
96,1,"disc",2019
97,21,"disc",2019
98,2,"disc",2019
99,-2,"disc",2019
100,5,"disc",2019
101,1,"disc",2019
102,1,"disc",2019
103,17,"disc",2019
104,7,"disc",2019
105,2,"disc",2019
106,16,"disc",2019
107,3,"disc",2019
109,20,"disc",2019
110,11,"disc",2019
111,36,"disc",2019
112,98,"disc",2019
113,7,"disc",2019
114,11,"disc",2019
115,6,"disc",2019
116,-3,"disc",2019
117,34,"disc",2019
118,7,"disc",2019
119,9,"disc",2019
120,14,"disc",2019
121,-2,"disc",2019
122,6,"disc",2019
123,3,"disc",2019
124,57,"disc",2019
125,22,"disc",2019
126,28,"disc",2019
127,15,"disc",2019
128,29,"disc",2019
129,-1,"disc",2019
130,-1,"disc",2019
131,7,"disc",2019
132,17,"disc",2019
133,32,"disc",2019
134,1,"disc",2019
136,10,"disc",2019
137,33,"disc",2019
138,39,"disc",2019
139,10,"disc",2019
140,11,"disc",2019
141,20,"disc",2019
142,6,"disc",2019
143,39,"disc",2019
144,21,"disc",2019
145,23,"disc",2019
146,-5,"disc",2019
147,23,"disc",2019
148,-1,"disc",2019
149,5,"disc",2019
150,0,"disc",2019
151,20,"disc",2019
152,0,"disc",2019
153,33,"disc",2019
154,4,"disc",2019
155,130,"disc",2019
156,1,"disc",2019
158,19,"disc",2019
159,14,"disc",2019
160,6,"disc",2019
161,24,"disc",2019
